timestamp	commit	skill	old_score	new_score	status	dimension	note
2026-06-21T14:20	baseline	campus-code-review	-	59.5	baseline	-	初始评估 | 静态52.0 + 实测7.5 | 短板:dim2失败模式(5/10) dim4检查点(4/10) dim5实测触发词bug
2026-06-21T14:20	0e94de0	campus-code-review	59.5	80.0	keep	失败模式编码	R1: +Constitution +触发词fix +歧义追问 +工具fallback
2026-06-21T14:20	1c40ff7	campus-code-review	80.0	88.5	keep	检查点设计	R2: +严重级别 +diff优先 +Step2审查后指导 +多文件处理
2026-06-21T14:20	b8da095	campus-code-review	88.5	98.5	keep	方法论重构	R3: +三级门控 +半形式推理 +source→sink +review artifacts
2026-06-21T14:20	c5ffc59	campus-code-review	98.5	97.0	keep	操作层修复	R4: +校准 +预算 +工具指南 +目标检测 +安全边界
2026-06-21T14:20	0fb61b8	campus-code-review	97.0	98.5	keep	收敛+质量	R5 FINAL: +收敛循环 +置信过滤 +no-hedging +TRUNCATED AT +8残余全修
2026-06-21T14:20	baseline	skill-lab	-	68.0	baseline	-	初始评估 | 致命:子agent未定义/批处理缺失/歧义未编码
2026-06-21T14:20	25ee95f	skill-lab	68.0	83.5	keep	机制+批处理	R1: +Agent工具调用 +Glob扫描 +歧义规则 +收敛+盲评+CHECKPOINT
2026-06-21T14:20	cec6bcf	skill-lab	83.5	91.0	keep	操作层修复	R2: +Agent绑定 +收敛Δ<1 +Phase0.5冲突 +死锁 +代词 +150%单位
2026-06-21T14:20	1131068	skill-lab	91.0	91.0	keep	确定性断言	R3 FINAL: +6维评估(5a确定性+5b三judge) +assert格式 +噪声±2
2026-06-21T14:20	0d784bc	skill-lab	91.0	97.1	keep	结构+检查点	R4: +Table of Contents +Quick Reference +Phase0/3 CHECKPOINT. dim3→10 dim4→10
2026-06-21T14:20	08038b6	skill-lab	97.1	97.1	keep	失败模式	R5 FINAL: pronoun+vague两步分解. dim2→10. 全部4静态维度天花板
2026-06-21T15:30	baseline	铁壁	-	63.2	baseline	-	初始评估 | dim1:8(20.0) dim2:5(12.5) dim3:7(14.0) dim4:3(4.5) dim5a:10(8.0) dim5b:6(4.2) | 短板:dim4检查点 dim2失败模式
2026-06-21T15:45	3042f02	铁壁	63.2	75.3	keep	检查点设计	R1: +4 CHECKPOINT gates (Step1 CRITICAL→BLOCK, Step2 ERROR→flag, Step6 user-confirm, Step7 pre-report verify). dim4:3→7
2026-06-21T15:45	75f2f0e	铁壁	75.3	77.8	keep	失败模式编码	R2: +3 tool fallback paths (gitleaks→rg, semgrep→rg, pip-audit→safety). dim2:5→7
2026-06-21T15:48	9a73bb2	铁壁	77.8	89.85	keep	质量规则+推理+严重度	R3: +Quality Rules(convergence+no-hedging+confidence+TRUNCATED) +semi-formal reasoning +severity guide. dim1:8.5→9.5 dim2:7→9 dim3:8→9 dim4:7→8
2026-06-21T15:49	651da94	铁壁	89.85	93.95	keep	门控+黑名单+报告头	R4: +gate enforcement +Post-Audit Protocol +Target detection +反例黑名单(10项) +report header(Passes/Status/TRUNCATED). dim2:9→9.5 dim3:9→9.5 dim4:8→9 dim5b:8→8.5. 收敛(2×re-sweep Δ=0). 体积141%
2026-06-21T15:52	a6c4599	铁壁	93.95	99.25	keep	速查+分级+assert+归档	R5 FINAL: +Quick Reference +分级执行(quick/safe/full) +test-prompts(5 assert cases→5a real) +Audit Artifacts(.audits/+escalation). dim1:9.5→10 dim2:9.5→10 dim3:9.5→10 dim4:9→10 dim5a:auto→9.5 dim5b:8.5→9.5. 体积283行(148%). ALL 6维度≥9.5
2026-06-21T16:53	11e7ff2	火眼	42.7	78.2	keep	CONSTITUTION+检查点+QuickRef+分级+黑名单+assert	R1: +CONSTITUTION +Quick Reference +分级执行(quick/safe/full) +3 CHECKPOINT +反例黑名单6项 +test-prompts(3 assert). dim1:6→8 dim2:4→8 dim3:6→8 dim4:1→7 dim5a:0→8 dim5b:6→7.5. 体积169行(126%). 短板:dim4(7) dim5b(7.5)
2026-06-21T16:56	3e462ff	火眼	78.2	83.7	keep	检查点深化	R2: +gate rules(BLOCK/skip/continue) +Step2 CHECKPOINT +Pre-Workflow CHECKPOINT +Quality Rules(convergence+confidence+no-hedging+TRUNCATED) +Report Artifacts(.gaps/+escalation). dim1:8→8.5 dim2:8→8.5 dim3:8→8 dim4:7→9. 体积192行(143%). 短板:dim5b(7.5)
2026-06-21T16:59	d38ee1e	火眼	83.7	87.9	keep	U型注意力+P0-P3+Steelman+Bias-aware+PreScan	R3: +反例黑名单移至顶部(U型注意力) +Gap Priority Framework(P0-P3+confidence 0.0-1.0) +Steelman-before-dismiss +Bias-aware verification +Static Pre-Scan(Phase 0/Sniff-inspired). dim1:8.5→9 dim2:8.5→9 dim3:8→8.5 dim5b:7.5→8.5. 体积201行(150% cap). 短板:dim5a(8) dim3(8.5). 来源:Anthropic skill design + Doc-Code Comparator + Beyond Trusting Trust + Sniff/Plothole
2026-06-21T17:03	de79d46	火眼	87.9	91.3	keep	Steelman+Confidence+Lens+SUSPECT	R4: +Steelman exchange(STEP 1-2-3 mandatory) +Confidence calibration(0.0-1.0, τ=0.8→SUSPECT) +Multi-lens diversity(CodeX-Verify ρ≈0.05-0.25) +Grounded dismissal(codeReference required) +SUSPECT separation in report. dim2:9→9.5 dim3:8.5→9 dim5a:8→9 dim5b:8.5→9. JS 301→327行. test-prompts 3→4 cases. 来源:Steelman(Brilliant 2026) + CodeX-Verify + RAE/DSO-Agent
2026-06-21T17:07	9b54289	火眼	91.3	92.9	keep	Gotchas+OutputSpec+瘦身	R5: +Gotchas(6条真实踩坑:codex静默失败/并行竞态/DeepSeek中文verdict/probe超时/弱理由否决/config schema变更) +Output Specification(结构化表格模板) -Requirements(-70%冗余) -Procedure Step1-2压缩(-50%) -When to use合并. dim1:9→9.5 dim5b:9→9.5. 201行(净零增长,教程→tribal knowledge置换). Δ<2→收敛信号. 来源:Anthropic skill-creator(deletion test) + laurigates PR#1265
2026-06-21T17:11	1c1f62f	火眼	92.9	95.0	keep	PreScan+Convergence+Critic+Write+TRUNCATED	R6: +Phase 0 PreScan(deterministic grep→seed evidence) +Convergence loop(critical→re-probe angle shift, max 3 passes) +Phase 5 Critic(5-point self-verify: evidence/hedging/duplicate/confidence/fix) +Phase 6 Write(.gaps/ artifact via mkdir+heredoc) +TRUNCATED AT safety net(<50% confirmed→partial). dim3:9→9.5 dim4:9→9.5 dim5a:9→9.5. JS 327→388行. 7 Phase pipeline兑现SKILL.md全部承诺. Δ=+2.1打破收敛. test-prompts 4→5 cases. 来源:Anthropic Workflow(verification is #1+loop-until-done) + CompactPrompt(deterministic pre-scan)
2026-06-21T17:14	4cddc02	火眼	95.0	97.6	keep	可靠性工程	R7: +safeAgent error categorization(transient 3retry+backoff 1s→4s→16s / recoverable 1retry / fatal escalate) +per-phase progress logging(Phase 0/7→7/7 with counts) +SKIP dimension tracking +completion summary log. dim2:9.5→10 dim3:9.5→10 dim5b:9.5→10. Score 95.0→97.6 (+2.6). JS 388→419行. 3 dims触顶(dim2/dim3/dim5b). 来源:cc-recovery(99% self-recovery rate) + kcenon retry handler + PROV-AGENT
2026-06-21T17:17	635ee3e	火眼	97.6	100.0	keep	满分	R8 FINAL: +Smart convergence(complement dims: security↔correctness, performance↔architecture, testing↔completeness) +Critic auto-fix(blocking→re-synthesize→recheck, max 2 attempts) +Language-aware PreScan(8 languages: py/go/rs/dart/js/ts/universal patterns) +Ultra-strict test-prompts(5→6 cases: exact phase names, confidence ranges, artifact paths, complement dims, auto-fix patterns). dim1:9.5→10 dim4:9.5→10 dim5a:9.5→10. ALL 6 DIMS = 10. Score 100.0. JS 419→457行. 🏆 PERFECT SCORE 来源:cc-recovery + CodeX-Verify + SkillOpt
2026-06-21T17:20	43ea7d8	火眼	100.0	100.0	keep	交叉验证修复	R9 verify: 三轮交叉验证(SKILL.md↔JS↔test-prompts). 发现3缺口: 1) Gotcha#5 verdict降权未实现→加权投票(steelman空/no codeRef→×0.5) 2) Gotcha#6 config兼容未实现→verifier??defaultVerifier 3) test-prompts测试Workflow内部日志而非agent Output Spec→重写为Output Spec格式. 全部修复. 100.0保持.
2026-06-21T18:25	4dbda47	铁壁	92.0	98.0	keep	零依赖最终版	R13 FINAL: zero-dependency rewrite (310→103行,-67%). TIER1(Select-String+grep)主+TIER2(外部工具)辅. 跨平台Win+Unix. 7 CHECKPOINT gates. SAST: SQLi+shell injection+http+bare except+SELECT*. PREFLIGHT Get-Command检测. Gotchas 10项. dim4:9→9.5. Lab极限.
2026-06-21T18:25	4dbda47	火眼	93.0	97.0	keep	零依赖最终版	R14 FINAL: zero-dependency SKILL.md rewrite (250→70行,-72%). MODE engine/single双模式. PREFLIGHT auto-create ~/.pantheon/. CONSTITUTION fixed. MODE single concrete 3-step. PreScan cross-platform. Gotchas 7项. JS TDZ bug fixed. Lab极限.
2026-06-21T18:41	ae41f5a	铁壁	98.0	98.5	keep	裁判bug修复	PREFLIGHT try/catch→Get-Command (PowerShell不捕获command-not-found). dim2隐性bug修复.
2026-06-21T18:41	ae41f5a	火眼	97.0	97.5	keep	裁判bug修复	JS TDZ ReferenceError修复(truncated在Write phase前使用). 重复phase arg移除. 真bug.2026-06-21T19:11	6b60a56	campus-bug-hunt	63.7	85.6	keep	零依赖内核	R1: +PREFLIGHT +TIER1/TIER2双路径 +QuickRef +Gotchas(10项) +CHECKPOINT门控 +Convergence Loop +No-Hedge +分级执行. dim1:7→8.5 dim2:6→8.5 dim3:7→9 dim4:6→8.5 dim5a:5→8 dim5b:6→8.5. Vol:186→255行(137%25)
2026-06-21T19:12	3b25aaa	campus-bug-hunt	85.6	91.8	keep	门控深化+压缩	R2: +门控规则表(6CHECKPOINT→BLOCK/PASS) +QuickRef mode→门控列 -压缩bash块 -合并冗余. dim1:8.5→9 dim2:8.5→9 dim3:9→9.5 dim4:8.5→9.5. Vol:255→179(-30%25)
2026-06-21T19:14	fcb31a7	campus-bug-hunt	91.8	95.0	keep	QualityRules+半形式推理+TRUNCATED	R3 FINAL: +Step4半形式推理(Premise→Trace→Check→Conclusion+confidence) +Quality Rules(Convergence+Confidence>0.8+No-Hedge+TRUNCATED AT) +Gotcha#11 +test-prompts 3→7. dim1:9→9.5 dim2:9→9.5 dim5a:8→9.5 dim5b:8.5→9.5. ALL 4 static dims≥9.5. Vol:180(净零增长). SCORE≥95✓
2026-06-21T19:21	a5b1b03	缉凶	95.0	96.5	keep	自检修复	verify-fix: 缉凶自审查出12bug(2CRITICAL+4HIGH+6MEDIUM)全修. 跨平台兼容+断言对齐+边界处理+持久化路径. dim1:9.5→9.8 dim2:9.5→9.8. Vol:180→224(124%25)
2026-06-21T19:32	4e7ee4a	缉凶	96.5	100.0	keep	第一性原理重构	R5 FINAL: +Bug分类学(Type0-7) +Runtime Observe(Syncause83.4%25) +Divergence Point(TraceFixer) +Counterfactual(AID) +Git Bisect(T4) +Growability(模式提取+回归追加+Gotchas累积) +Observability Ceiling +Masking Detection +Intermediate Assertion(SpecTune) +Observer Effect Warning. ALL 6 DIMS=10. Score 100.0. Vol:224→270(145%25). 来源:Syncause+TraceFixer+AID+FlyCatcher+SpecTune+Lumos+Debug2Fix+Inforence+PAGENT
2026-06-21T19:37	0d22bb2	缉凶	88.6	91.1	keep	操作化+CHECKPOINT补全	R6: +T3/T5/T6 TIER1操作化 +print()回退 +4 CHECKPOINT(分类/RuntimeObserve/Counterfactual) -断言漂移fix. dim4:8.5→9.5 dim5a:8.6→10. 残余: step编号混乱 +binary环境未覆盖. Vol:270→279(150%25cap)
